Địa phương,Năm,Thu nhập bình quân đầu người một tháng (Nghìn đồng) - Nhóm thu nhập thấp nhất,Thu nhập bình quân đầu người một tháng (Nghìn đồng) - Nhóm thu nhập cao nhất,Nhóm thu nhập cao nhất so với nhóm thu nhập thấp nhất (Lần)
An Giang,2010,425.00,3051.00,7.20
An Giang,2012,615.00,4578.00,7.40
An Giang,2014,826.00,6125.00,7.40
An Giang,2016,936.00,7083.00,7.60
An Giang,2018,1008.00,8423.00,8.40
An Giang,2019,1046.00,8887.00,8.50
An Giang,2020,1165.06,6588.90,5.66
An Giang,2021,1141.05,7315.03,6.41
An Giang,2022,1260.88,7696.53,6.10
An Giang,2023,1298.57,8311.25,6.40
An Giang,Sơ bộ 2024,1371.37,9193.61,6.70
Bà Rịa - Vũng Tàu,2010,486.00,4173.00,8.60
Bà Rịa - Vũng Tàu,2012,896.00,7456.00,8.30
Bà Rịa - Vũng Tàu,2014,1180.00,9851.00,8.40
Bà Rịa - Vũng Tàu,2016,1373.00,11953.00,8.70
Bà Rịa - Vũng Tàu,2018,1426.00,13276.00,9.30
Bà Rịa - Vũng Tàu,2019,1456.00,13660.00,9.40
Bà Rịa - Vũng Tàu,2020,1386.95,10302.08,7.43
Bà Rịa - Vũng Tàu,2021,1427.39,10018.43,7.02
Bà Rịa - Vũng Tàu,2022,1512.42,10719.37,7.09
Bà Rịa - Vũng Tàu,2023,1663.66,11908.29,7.16
Bà Rịa - Vũng Tàu,Sơ bộ 2024,1797.73,12857.26,7.15
Bình Dương,2010,980.00,7014.00,7.20
Bình Dương,2012,1138.00,7905.00,6.90
Bình Dương,2014,1282.00,8945.00,7.00
Bình Dương,2016,1671.00,11819.00,7.10
Bình Dương,2018,2177.00,16171.00,7.40
Bình Dương,2019,2152.00,15993.00,7.40
Bình Dương,2020,3105.08,13119.29,4.23
Bình Dương,2021,3581.10,12379.61,3.46
Bình Dương,2022,2674.89,18315.31,6.85
Bình Dương,2023,2580.69,18356.18,7.11
Bình Dương,Sơ bộ 2024,2742.24,19904.02,7.26
Bình Phước,2010,531.00,3565.00,6.70
Bình Phước,2012,703.00,4740.00,6.70
Bình Phước,2014,860.00,5792.00,6.70
Bình Phước,2016,1034.00,7093.00,6.90
Bình Phước,2018,1126.00,8535.00,7.60
Bình Phước,2019,1071.00,8208.00,7.70
Bình Phước,2020,1303.89,8613.84,6.61
Bình Phước,2021,1554.40,8103.67,5.21
Bình Phước,2022,1863.47,9987.33,5.36
Bình Phước,2023,1879.28,10727.45,5.71
Bình Phước,Sơ bộ 2024,1977.64,11077.87,5.60
Bình Thuận,2010,437.00,2355.00,5.40
Bình Thuận,2012,639.00,3444.00,5.40
Bình Thuận,2014,937.00,5039.00,5.40
Bình Thuận,2016,1071.00,5853.00,5.50
Bình Thuận,2018,1163.00,7029.00,6.00
Bình Thuận,2019,1300.00,7883.00,6.10
Bình Thuận,2020,1919.34,7192.67,3.75
Bình Thuận,2021,2415.29,6573.45,2.72
Bình Thuận,2022,1926.99,7572.10,3.93
Bình Thuận,2023,1948.77,8254.43,4.24
Bình Thuận,Sơ bộ 2024,2028.50,8607.52,4.24
Bình Định,2010,402.00,2573.00,6.40
Bình Định,2012,549.00,3578.00,6.50
Bình Định,2014,782.00,5098.00,6.50
Bình Định,2016,865.00,5743.00,6.60
Bình Định,2018,908.00,6567.00,7.20
Bình Định,2019,1031.00,7580.00,7.40
Bình Định,2020,1010.86,7413.69,7.33
Bình Định,2021,958.97,7519.31,7.84
Bình Định,2022,1122.67,8582.12,7.64
Bình Định,2023,1226.06,9253.39,7.55
Bình Định,Sơ bộ 2024,1416.58,10456.21,7.38
Bạc Liêu,2010,396.00,2893.00,7.30
Bạc Liêu,2012,586.00,4141.00,7.10
Bạc Liêu,2014,678.00,4781.00,7.10
Bạc Liêu,2016,708.00,5088.00,7.20
Bạc Liêu,2018,703.00,5420.00,7.70
Bạc Liêu,2019,853.00,6687.00,7.80
Bạc Liêu,2020,1462.76,6269.14,4.29
Bạc Liêu,2021,1832.19,6168.76,3.37
Bạc Liêu,2022,1426.83,8749.04,6.13
Bạc Liêu,2023,1573.42,10056.29,6.39
Bạc Liêu,Sơ bộ 2024,1681.32,10431.79,6.20
Bắc Giang,2010,403.00,2338.00,5.80
Bắc Giang,2012,502.00,3135.00,6.20
Bắc Giang,2014,708.00,4515.00,6.40
Bắc Giang,2016,881.00,5796.00,6.60
Bắc Giang,2018,1042.00,7581.00,7.30
Bắc Giang,2019,1104.00,8121.00,7.40
Bắc Giang,2020,1472.84,7744.70,5.26
Bắc Giang,2021,1636.33,7913.16,4.84
Bắc Giang,2022,1734.59,8405.25,4.85
Bắc Giang,2023,1771.54,9377.46,5.29
Bắc Giang,Sơ bộ 2024,1954.14,9956.04,5.09
Bắc Kạn,2010,255.00,1898.00,7.50
Bắc Kạn,2012,358.00,2750.00,7.70
Bắc Kạn,2014,359.00,2786.00,7.80
Bắc Kạn,2016,414.00,3305.00,8.00
Bắc Kạn,2018,564.00,4805.00,8.50
Bắc Kạn,2019,547.00,4892.00,9.00
Bắc Kạn,2020,580.43,5311.16,9.15
Bắc Kạn,2021,470.05,5348.25,11.38
Bắc Kạn,2022,506.09,5926.61,11.71
Bắc Kạn,2023,538.07,6403.27,11.90
Bắc Kạn,Sơ bộ 2024,597.29,7090.04,11.87
Bắc Ninh,2010,534.00,3899.00,7.30
Bắc Ninh,2012,805.00,5831.00,7.20
Bắc Ninh,2014,1255.00,8160.00,6.50
Bắc Ninh,2016,1505.00,9916.00,6.60
Bắc Ninh,2018,1802.00,12489.00,6.90
Bắc Ninh,2019,1768.00,12284.00,6.90
Bắc Ninh,2020,2424.30,10365.53,4.28
Bắc Ninh,2021,1925.09,9595.09,4.98
Bắc Ninh,2022,2110.88,10861.43,5.15
Bắc Ninh,2023,2037.61,10883.89,5.34
Bắc Ninh,Sơ bộ 2024,2150.73,11743.49,5.46
Bắc Trung Bộ và Duyên hải miền Trung,2010,317.00,2283.00,7.20
Bắc Trung Bộ và Duyên hải miền Trung,2012,443.00,3355.00,7.60
Bắc Trung Bộ và Duyên hải miền Trung,2014,561.00,4400.00,7.80
Bắc Trung Bộ và Duyên hải miền Trung,2016,674.00,5356.00,7.90
Bắc Trung Bộ và Duyên hải miền Trung,2018,825.00,6710.00,8.10
Bắc Trung Bộ và Duyên hải miền Trung,2019,900.00,7469.00,8.30
Bắc Trung Bộ và Duyên hải miền Trung,2020,1030.34,7138.51,6.93
Bắc Trung Bộ và Duyên hải miền Trung,2021,1058.12,7197.45,6.80
Bắc Trung Bộ và Duyên hải miền Trung,2022,1259.47,8312.82,6.60
Bắc Trung Bộ và Duyên hải miền Trung,2023,1346.95,9039.48,6.71
Bắc Trung Bộ và Duyên hải miền Trung,Sơ bộ 2024,1481.42,9854.85,6.65
Bến Tre,2010,421.00,2870.00,6.80
Bến Tre,2012,503.00,3551.00,7.10
Bến Tre,2014,702.00,4954.00,7.10
Bến Tre,2016,770.00,5569.00,7.20
Bến Tre,2018,1049.00,8066.00,7.70
Bến Tre,2019,1138.00,8895.00,7.80
Bến Tre,2020,1089.90,8064.66,7.40
Bến Tre,2021,1128.75,7432.35,6.58
Bến Tre,2022,1295.95,8234.56,6.35
Bến Tre,2023,1996.27,7669.82,3.84
Bến Tre,Sơ bộ 2024,1778.23,8824.51,4.96
Cao Bằng,2010,225.00,2013.00,9.00
Cao Bằng,2012,304.00,2761.00,9.10
Cao Bằng,2014,351.00,3202.00,9.10
Cao Bằng,2016,474.00,4472.00,9.40
Cao Bằng,2018,506.00,5082.00,10.00
Cao Bằng,2019,484.00,5049.00,10.40
Cao Bằng,2020,472.58,5982.13,12.66
Cao Bằng,2021,409.52,6514.06,15.91
Cao Bằng,2022,524.22,6401.36,12.21
Cao Bằng,2023,549.38,6657.42,12.12
Cao Bằng,Sơ bộ 2024,635.56,7042.08,11.08
Cà Mau,2010,363.00,2886.00,7.90
Cà Mau,2012,578.00,4565.00,7.90
Cà Mau,2014,648.00,5130.00,7.90
Cà Mau,2016,718.00,5923.00,8.30
Cà Mau,2018,755.00,6809.00,9.00
Cà Mau,2019,812.00,7442.00,9.20
Cà Mau,2020,913.43,6958.33,7.62
Cà Mau,2021,922.24,7291.83,7.91
Cà Mau,2022,1025.22,8024.74,7.83
Cà Mau,2023,1184.21,9065.61,7.66
Cà Mau,Sơ bộ 2024,1303.59,9913.99,7.61
Cần Thơ,2010,516.00,3437.00,6.70
Cần Thơ,2012,767.00,5264.00,6.90
Cần Thơ,2014,924.00,5939.00,6.40
Cần Thơ,2016,1176.00,7917.00,6.70
Cần Thơ,2018,1476.00,10575.00,7.20
Cần Thơ,2019,1494.00,10799.00,7.20
Cần Thơ,2020,1470.66,12709.53,8.64
Cần Thơ,2021,1841.56,9989.63,5.42
Cần Thơ,2022,1862.32,11136.23,5.98
Cần Thơ,2023,1922.09,11675.45,6.07
Cần Thơ,Sơ bộ 2024,2079.48,12970.61,6.24
Gia Lai,2010,287.00,2346.00,8.20
Gia Lai,2012,409.00,3417.00,8.30
Gia Lai,2014,434.00,3705.00,8.50
Gia Lai,2016,535.00,4790.00,9.00
Gia Lai,2018,677.00,6426.00,9.50
Gia Lai,2019,691.00,6751.00,9.80
Gia Lai,2020,646.87,5578.71,8.62
Gia Lai,2021,601.72,6038.92,10.04
Gia Lai,2022,743.60,6111.59,8.22
Gia Lai,2023,808.75,6930.28,8.57
Gia Lai,Sơ bộ 2024,886.39,7561.21,8.53
Hà Giang,2010,259.00,1413.00,5.50
Hà Giang,2012,349.00,2043.00,5.90
Hà Giang,2014,468.00,2751.00,5.90
Hà Giang,2016,549.00,3430.00,6.20
Hà Giang,2018,695.00,4668.00,6.70
Hà Giang,2019,640.00,4498.00,7.00
Hà Giang,2020,623.67,4691.98,7.52
Hà Giang,2021,610.74,5263.06,8.62
Hà Giang,2022,631.57,5638.93,8.93
Hà Giang,2023,689.35,6145.29,8.91
Hà Giang,Sơ bộ 2024,761.21,6642.66,8.73
Hà Nam,2010,418.00,2456.00,5.90
Hà Nam,2012,587.00,3449.00,5.90
Hà Nam,2014,740.00,4499.00,6.10
Hà Nam,2016,937.00,5810.00,6.20
Hà Nam,2018,1131.00,7746.00,6.80
Hà Nam,2019,1197.00,8257.00,6.90
Hà Nam,2020,1338.31,8083.99,6.04
Hà Nam,2021,1564.67,8679.14,5.55
Hà Nam,2022,1877.41,9669.05,5.15
Hà Nam,2023,1938.48,10589.57,5.46
Hà Nam,Sơ bộ 2024,2111.26,11274.48,5.34
Hà Nội,2010,542.00,4834.00,8.90
Hà Nội,2012,804.00,6829.00,8.50
Hà Nội,2014,1224.00,10368.00,8.50
Hà Nội,2016,1390.00,11941.00,8.60
Hà Nội,2018,1558.00,14225.00,9.10
Hà Nội,2019,1529.00,14008.00,9.20
Hà Nội,2020,2083.91,12913.08,6.20
Hà Nội,2021,1998.27,12630.63,6.32
Hà Nội,2022,2047.34,13384.62,6.54
Hà Nội,2023,2196.35,14467.87,6.59
Hà Nội,Sơ bộ 2024,2403.47,16103.17,6.70
Hà Tĩnh,2010,278.00,1921.00,6.90
Hà Tĩnh,2012,418.00,2862.00,6.90
Hà Tĩnh,2014,554.00,3851.00,6.90
Hà Tĩnh,2016,654.00,4668.00,7.10
Hà Tĩnh,2018,823.00,6337.00,7.70
Hà Tĩnh,2019,860.00,6724.00,7.80
Hà Tĩnh,2020,851.43,7225.11,8.49
Hà Tĩnh,2021,947.11,6437.26,6.80
Hà Tĩnh,2022,1142.09,7541.00,6.60
Hà Tĩnh,2023,1266.06,8406.20,6.64
Hà Tĩnh,Sơ bộ 2024,1342.96,8821.87,6.57
Hòa Bình,2010,265.00,1916.00,7.20
Hòa Bình,2012,378.00,2686.00,7.10
Hòa Bình,2014,479.00,3465.00,7.20
Hòa Bình,2016,574.00,4301.00,7.50
Hòa Bình,2018,653.00,5185.00,7.90
Hòa Bình,2019,684.00,5513.00,8.10
Hòa Bình,2020,754.89,5826.49,7.72
Hòa Bình,2021,963.96,5680.72,5.89
Hòa Bình,2022,1000.34,6185.44,6.18
Hòa Bình,2023,1053.57,6624.57,6.29
Hòa Bình,Sơ bộ 2024,1129.64,7524.89,6.66
Hưng Yên,2010,420.00,2490.00,5.90
Hưng Yên,2012,648.00,3589.00,5.50
Hưng Yên,2014,799.00,4435.00,5.50
Hưng Yên,2016,1100.00,6207.00,5.60
Hưng Yên,2018,1408.00,8489.00,6.00
Hưng Yên,2019,1456.00,8835.00,6.10
Hưng Yên,2020,1711.56,7488.01,4.37
Hưng Yên,2021,1622.30,7590.97,4.68
Hưng Yên,2022,1942.56,9238.92,4.76
Hưng Yên,2023,1992.46,10733.48,5.39
Hưng Yên,Sơ bộ 2024,2242.69,11577.70,5.16
Hải Dương,2010,441.00,2634.00,6.00
Hải Dương,2012,701.00,4207.00,6.00
Hải Dương,2014,992.00,5959.00,6.00
Hải Dương,2016,1105.00,6751.00,6.10
Hải Dương,2018,1172.00,7893.00,6.70
Hải Dương,2019,1302.00,8822.00,6.80
Hải Dương,2020,2059.23,8081.61,3.92
Hải Dương,2021,1694.83,8839.00,5.22
Hải Dương,2022,1842.15,9425.17,5.12
Hải Dương,2023,2030.24,10391.60,5.12
Hải Dương,Sơ bộ 2024,2325.54,11856.11,5.10
Hải Phòng,2010,510.00,4069.00,8.00
Hải Phòng,2012,759.00,5862.00,7.70
Hải Phòng,2014,1319.00,10165.00,7.70
Hải Phòng,2016,1380.00,10787.00,7.80
Hải Phòng,2018,1415.00,11849.00,8.40
Hải Phòng,2019,1449.00,12152.00,8.40
Hải Phòng,2020,2403.50,9431.95,3.92
Hải Phòng,2021,2265.39,9611.22,4.24
Hải Phòng,2022,2299.42,11992.67,5.22
Hải Phòng,2023,2338.01,12994.05,5.56
Hải Phòng,Sơ bộ 2024,2521.81,13682.05,5.43
Hậu Giang,2010,358.00,2539.00,7.10
Hậu Giang,2012,467.00,3453.00,7.40
Hậu Giang,2014,652.00,4817.00,7.40
Hậu Giang,2016,831.00,6247.00,7.50
Hậu Giang,2018,1005.00,8352.00,8.30
Hậu Giang,2019,1080.00,9126.00,8.40
Hậu Giang,2020,1383.70,8696.87,6.29
Hậu Giang,2021,1279.75,7857.23,6.14
Hậu Giang,2022,1331.13,8683.44,6.52
Hậu Giang,2023,1342.97,8697.45,6.48
Hậu Giang,Sơ bộ 2024,1447.86,9484.69,6.55
Khánh Hòa,2010,390.00,2904.00,7.40
Khánh Hòa,2012,597.00,4350.00,7.30
Khánh Hòa,2014,873.00,6384.00,7.30
Khánh Hòa,2016,921.00,6725.00,7.30
Khánh Hòa,2018,924.00,7455.00,8.10
Khánh Hòa,2019,1006.00,8250.00,8.20
Khánh Hòa,2020,1070.51,6280.05,5.87
Khánh Hòa,2021,1071.06,7202.45,6.72
Khánh Hòa,2022,1134.68,7849.58,6.92
Khánh Hòa,2023,1210.70,8499.87,7.02
Khánh Hòa,Sơ bộ 2024,1373.59,9529.34,6.94
Kiên Giang,2010,390.00,3245.00,8.30
Kiên Giang,2012,575.00,4911.00,8.50
Kiên Giang,2014,788.00,6763.00,8.60
Kiên Giang,2016,866.00,7767.00,9.00
Kiên Giang,2018,905.00,8968.00,9.90
Kiên Giang,2019,1001.00,10085.00,10.10
Kiên Giang,2020,1351.16,10697.61,7.92
Kiên Giang,2021,1148.71,9452.63,8.23
Kiên Giang,2022,1342.32,9698.23,7.22
Kiên Giang,2023,1479.23,10565.33,7.14
Kiên Giang,Sơ bộ 2024,1604.98,11423.82,7.12
Kon Tum,2010,356.00,2150.00,6.00
Kon Tum,2012,419.00,2701.00,6.50
Kon Tum,2014,496.00,3449.00,7.00
Kon Tum,2016,633.00,4658.00,7.40
Kon Tum,2018,663.00,5136.00,7.70
Kon Tum,2019,673.00,5327.00,7.90
Kon Tum,2020,708.88,5049.33,7.12
Kon Tum,2021,726.86,4886.12,6.72
Kon Tum,2022,835.99,5726.44,6.85
Kon Tum,2023,898.06,6880.53,7.66
Kon Tum,Sơ bộ 2024,984.06,7562.55,7.69
Lai Châu,2010,216.00,1484.00,6.90
Lai Châu,2012,273.00,1928.00,7.10
Lai Châu,2014,359.00,2581.00,7.20
Lai Châu,2016,462.00,3424.00,7.40
Lai Châu,2018,494.00,3890.00,7.90
Lai Châu,2019,525.00,4182.00,8.00
Lai Châu,2020,565.23,5032.96,8.90
Lai Châu,2021,503.81,5789.92,11.49
Lai Châu,2022,666.73,5619.49,8.43
Lai Châu,2023,696.80,5918.46,8.49
Lai Châu,Sơ bộ 2024,777.38,6404.29,8.24
Long An,2010,435.00,2873.00,6.60
Long An,2012,620.00,4087.00,6.60
Long An,2014,794.00,5246.00,6.60
Long An,2016,1075.00,7208.00,6.70
Long An,2018,1421.00,10162.00,7.20
Long An,2019,1351.00,9739.00,7.20
Long An,2020,1314.24,8788.23,6.69
Long An,2021,1375.53,7488.52,5.44
Long An,2022,1436.87,7514.01,5.23
Long An,2023,1482.85,8342.44,5.63
Long An,Sơ bộ 2024,1585.75,8863.71,5.59
Lào Cai,2010,280.00,2117.00,7.60
Lào Cai,2012,346.00,2687.00,7.80
Lào Cai,2014,474.00,3706.00,7.80
Lào Cai,2016,569.00,4604.00,8.10
Lào Cai,2018,654.00,5686.00,8.70
Lào Cai,2019,684.00,6087.00,8.90
Lào Cai,2020,680.10,6134.42,9.02
Lào Cai,2021,760.50,6586.13,8.66
Lào Cai,2022,842.76,7414.00,8.80
Lào Cai,2023,928.04,8269.01,8.91
Lào Cai,Sơ bộ 2024,1085.93,8370.58,7.71
Lâm Đồng,2010,350.00,2906.00,8.30
Lâm Đồng,2012,485.00,4047.00,8.30
Lâm Đồng,2014,711.00,5921.00,8.30
Lâm Đồng,2016,840.00,7222.00,8.60
Lâm Đồng,2018,942.00,8957.00,9.50
Lâm Đồng,2019,938.00,9059.00,9.70
Lâm Đồng,2020,1203.33,7893.31,6.56
Lâm Đồng,2021,1041.78,8133.43,7.81
Lâm Đồng,2022,1287.12,9434.94,7.33
Lâm Đồng,2023,1418.53,10258.90,7.23
Lâm Đồng,Sơ bộ 2024,1550.25,11290.74,7.28
Lạng Sơn,2010,305.00,2128.00,7.00
Lạng Sơn,2012,409.00,2853.00,7.00
Lạng Sơn,2014,480.00,3340.00,7.00
Lạng Sơn,2016,544.00,3924.00,7.20
Lạng Sơn,2018,584.00,4514.00,7.70
Lạng Sơn,2019,668.00,5246.00,7.80
Lạng Sơn,2020,734.77,5099.34,6.94
Lạng Sơn,2021,733.37,5715.13,7.79
Lạng Sơn,2022,837.01,5768.31,6.89
Lạng Sơn,2023,885.26,6253.44,7.06
Lạng Sơn,Sơ bộ 2024,978.50,6716.76,6.86
Nam Định,2010,459.00,2635.00,5.70
Nam Định,2012,621.00,3800.00,6.10
Nam Định,2014,1059.00,6462.00,6.10
Nam Định,2016,1081.00,6707.00,6.20
Nam Định,2018,1049.00,7180.00,6.80
Nam Định,2019,1142.00,7930.00,6.90
Nam Định,2020,1669.80,8631.06,5.17
Nam Định,2021,2416.24,7085.07,2.93
Nam Định,2022,1811.78,9481.01,5.23
Nam Định,2023,1850.15,10364.60,5.60
Nam Định,Sơ bộ 2024,2041.72,11003.46,5.39
Nghệ An,2010,260.00,1955.00,7.50
Nghệ An,2012,383.00,3099.00,8.10
Nghệ An,2014,428.00,3528.00,8.20
Nghệ An,2016,492.00,4202.00,8.50
Nghệ An,2018,609.00,5688.00,9.30
Nghệ An,2019,682.00,6469.00,9.50
Nghệ An,2020,968.43,6354.82,6.56
Nghệ An,2021,904.55,6447.39,7.13
Nghệ An,2022,1075.11,7834.90,7.29
Nghệ An,2023,1172.74,8883.72,7.58
Nghệ An,Sơ bộ 2024,1263.73,9618.89,7.61
Ninh Thuận,2010,270.00,2395.00,8.90
Ninh Thuận,2012,470.00,3964.00,8.40
Ninh Thuận,2014,677.00,5768.00,8.50
Ninh Thuận,2016,673.00,5854.00,8.70
Ninh Thuận,2018,671.00,6329.00,9.40
Ninh Thuận,2019,642.00,6149.00,9.60
Ninh Thuận,2020,918.68,6565.59,7.15
Ninh Thuận,2021,926.24,6421.83,6.93
Ninh Thuận,2022,971.89,6752.48,6.95
Ninh Thuận,2023,1062.37,7510.00,7.07
Ninh Thuận,Sơ bộ 2024,1112.26,7872.57,7.08
Ninh Bình,2010,373.00,2621.00,7.00
Ninh Bình,2012,551.00,3747.00,6.80
Ninh Bình,2014,724.00,4907.00,6.80
Ninh Bình,2016,964.00,6662.00,6.90
Ninh Bình,2018,1222.00,9320.00,7.60
Ninh Bình,2019,1135.00,8741.00,7.70
Ninh Bình,2020,1567.78,7244.78,4.62
Ninh Bình,2021,1592.63,8441.50,5.30
Ninh Bình,2022,1773.85,9735.25,5.49
Ninh Bình,2023,1838.46,10728.21,5.84
Ninh Bình,Sơ bộ 2024,2065.55,12220.62,5.92
Phú Thọ,2010,381.00,2605.00,6.80
Phú Thọ,2012,488.00,3379.00,6.90
Phú Thọ,2014,629.00,4365.00,6.90
Phú Thọ,2016,747.00,5287.00,7.10
Phú Thọ,2018,842.00,6505.00,7.70
Phú Thọ,2019,883.00,6934.00,7.80
Phú Thọ,2020,1163.57,6815.13,5.86
Phú Thọ,2021,1035.97,7534.56,7.27
Phú Thọ,2022,1162.73,7987.68,6.87
Phú Thọ,2023,1261.44,8991.20,7.13
Phú Thọ,Sơ bộ 2024,1409.30,9938.71,7.05
Phú Yên,2010,342.00,2250.00,6.60
Phú Yên,2012,468.00,3063.00,6.60
Phú Yên,2014,664.00,4339.00,6.50
Phú Yên,2016,788.00,5247.00,6.70
Phú Yên,2018,888.00,6475.00,7.30
Phú Yên,2019,980.00,7264.00,7.40
Phú Yên,2020,918.61,7090.89,7.72
Phú Yên,2021,992.21,7742.67,7.80
Phú Yên,2022,1053.36,8302.76,7.88
Phú Yên,2023,1116.66,8801.74,7.88
Phú Yên,Sơ bộ 2024,1208.07,9359.09,7.75
Quảng Nam,2010,326.00,1969.00,6.00
Quảng Nam,2012,432.00,2803.00,6.50
Quảng Nam,2014,562.00,3672.00,6.50
Quảng Nam,2016,696.00,4706.00,6.80
Quảng Nam,2018,818.00,5995.00,7.30
Quảng Nam,2019,916.00,6825.00,7.40
Quảng Nam,2020,1077.13,6887.11,6.39
Quảng Nam,2021,1184.80,7200.42,6.08
Quảng Nam,2022,1271.15,7377.52,5.80
Quảng Nam,2023,1268.02,7466.02,5.89
Quảng Nam,Sơ bộ 2024,1382.64,8137.40,5.89
Quảng Ngãi,2010,321.00,1935.00,6.00
Quảng Ngãi,2012,455.00,2798.00,6.20
Quảng Ngãi,2014,513.00,3210.00,6.30
Quảng Ngãi,2016,684.00,4625.00,6.80
Quảng Ngãi,2018,867.00,6382.00,7.40
Quảng Ngãi,2019,928.00,6938.00,7.50
Quảng Ngãi,2020,903.59,6991.79,7.74
Quảng Ngãi,2021,973.58,6774.01,6.96
Quảng Ngãi,2022,1124.30,7782.53,6.92
Quảng Ngãi,2023,1180.64,8318.21,7.05
Quảng Ngãi,Sơ bộ 2024,1262.13,8940.71,7.08
Quảng Bình,2010,308.00,2143.00,7.00
Quảng Bình,2012,423.00,3174.00,7.50
Quảng Bình,2014,517.00,3977.00,7.70
Quảng Bình,2016,636.00,5089.00,8.00
Quảng Bình,2018,727.00,6122.00,8.40
Quảng Bình,2019,767.00,6574.00,8.60
Quảng Bình,2020,706.98,7100.00,10.04
Quảng Bình,2021,997.08,7115.58,7.14
Quảng Bình,2022,1068.15,7849.52,7.35
Quảng Bình,2023,1137.25,8184.04,7.20
Quảng Bình,Sơ bộ 2024,1236.88,9051.57,7.32
Quảng Ninh,2010,471.00,3812.00,8.10
Quảng Ninh,2012,689.00,5483.00,8.00
Quảng Ninh,2014,816.00,6507.00,8.00
Quảng Ninh,2016,1088.00,8826.00,8.10
Quảng Ninh,2018,1350.00,11704.00,8.70
Quảng Ninh,2019,1298.00,11325.00,8.70
Quảng Ninh,2020,1514.40,8586.51,5.67
Quảng Ninh,2021,1694.60,7286.17,4.30
Quảng Ninh,2022,1690.76,10572.55,6.25
Quảng Ninh,2023,1745.04,12041.06,6.90
Quảng Ninh,Sơ bộ 2024,1860.57,12232.29,6.57
Quảng Trị,2010,320.00,2162.00,6.80
Quảng Trị,2012,410.00,2863.00,7.00
Quảng Trị,2014,493.00,3500.00,7.10
Quảng Trị,2016,616.00,4498.00,7.30
Quảng Trị,2018,704.00,5536.00,7.90
Quảng Trị,2019,720.00,5824.00,8.10
Quảng Trị,2020,667.69,6741.38,10.10
Quảng Trị,2021,719.91,6920.12,9.61
Quảng Trị,2022,851.33,7650.35,8.99
Quảng Trị,2023,908.57,7757.30,8.54
Quảng Trị,Sơ bộ 2024,1026.22,8703.52,8.48
Sóc Trăng,2010,342.00,2507.00,7.30
Sóc Trăng,2012,406.00,3064.00,7.50
Sóc Trăng,2014,567.00,4316.00,7.60
Sóc Trăng,2016,821.00,6375.00,7.80
Sóc Trăng,2018,1128.00,9689.00,8.60
Sóc Trăng,2019,965.00,8419.00,8.70
Sóc Trăng,2020,1289.60,7624.31,5.91
Sóc Trăng,2021,1330.01,5912.43,4.45
Sóc Trăng,2022,1325.62,6939.12,5.23
Sóc Trăng,2023,1327.21,7826.53,5.90
Sóc Trăng,Sơ bộ 2024,1424.15,8989.68,6.31
Sơn La,2010,258.00,1750.00,6.80
Sơn La,2012,351.00,2465.00,7.00
Sơn La,2014,431.00,3055.00,7.10
Sơn La,2016,447.00,3254.00,7.30
Sơn La,2018,499.00,3901.00,7.80
Sơn La,2019,490.00,4014.00,8.20
Sơn La,2020,438.92,4655.79,10.61
Sơn La,2021,454.38,4930.68,10.85
Sơn La,2022,573.28,5084.16,8.87
Sơn La,2023,623.50,5707.91,9.15
Sơn La,Sơ bộ 2024,685.43,6098.68,8.90
Thanh Hóa,2010,295.00,1773.00,6.00
Thanh Hóa,2012,416.00,2580.00,6.20
Thanh Hóa,2014,533.00,3385.00,6.30
Thanh Hóa,2016,713.00,4823.00,6.80
Thanh Hóa,2018,906.00,6680.00,7.40
Thanh Hóa,2019,947.00,7094.00,7.50
Thanh Hóa,2020,1289.80,6928.03,5.37
Thanh Hóa,2021,1552.53,6394.94,4.12
Thanh Hóa,2022,1676.44,8393.14,5.01
Thanh Hóa,2023,1781.52,9352.42,5.25
Thanh Hóa,Sơ bộ 2024,1967.49,10376.00,5.27
Thái Nguyên,2010,357.00,2668.00,7.50
Thái Nguyên,2012,499.00,3865.00,7.70
Thái Nguyên,2014,636.00,4924.00,7.70
Thái Nguyên,2016,890.00,6855.00,7.70
Thái Nguyên,2018,1161.00,9822.00,8.50
Thái Nguyên,2019,1090.00,9391.00,8.60
Thái Nguyên,2020,1157.80,7408.59,6.40
Thái Nguyên,2021,1163.80,7912.63,6.80
Thái Nguyên,2022,1360.13,9737.08,7.16
Thái Nguyên,2023,1436.72,10517.69,7.32
Thái Nguyên,Sơ bộ 2024,1553.10,11130.98,7.17
Thái Bình,2010,409.00,2384.00,5.80
Thái Bình,2012,614.00,3491.00,5.70
Thái Bình,2014,888.00,5273.00,5.90
Thái Bình,2016,995.00,6024.00,6.10
Thái Bình,2018,1060.00,7090.00,6.70
Thái Bình,2019,1240.00,8321.00,6.70
Thái Bình,2020,1826.03,7287.34,3.99
Thái Bình,2021,2167.47,7035.66,3.25
Thái Bình,2022,2185.36,7890.98,3.61
Thái Bình,2023,2190.35,9104.40,4.16
Thái Bình,Sơ bộ 2024,2342.84,10350.50,4.42
Thừa Thiên-Huế,2010,328.00,2232.00,6.80
Thừa Thiên-Huế,2012,586.00,3837.00,6.50
Thừa Thiên-Huế,2014,714.00,4678.00,6.60
Thừa Thiên-Huế,2016,837.00,5599.00,6.70
Thừa Thiên-Huế,2018,909.00,6694.00,7.40
Thừa Thiên-Huế,2019,980.00,7304.00,7.50
Thừa Thiên-Huế,2020,1066.20,6224.27,5.84
Thừa Thiên-Huế,2021,1127.34,7939.10,7.04
Thừa Thiên-Huế,2022,1290.75,8852.30,6.86
Thừa Thiên-Huế,2023,1400.20,9716.86,6.94
Thừa Thiên-Huế,Sơ bộ 2024,1573.10,10815.17,6.88
Tiền Giang,2010,432.00,2979.00,6.90
Tiền Giang,2012,622.00,4277.00,6.90
Tiền Giang,2014,849.00,5801.00,6.80
Tiền Giang,2016,1028.00,7144.00,6.90
Tiền Giang,2018,1183.00,9090.00,7.70
Tiền Giang,2019,1176.00,9087.00,7.70
Tiền Giang,2020,1729.44,9238.59,5.34
Tiền Giang,2021,1523.85,7816.14,5.13
Tiền Giang,2022,1538.27,8217.19,5.34
Tiền Giang,2023,1762.94,8852.02,5.02
Tiền Giang,Sơ bộ 2024,1859.24,10003.76,5.38
TP. Hồ Chí Minh,2010,965.00,6429.00,6.70
TP. Hồ Chí Minh,2012,1302.00,8447.00,6.50
TP. Hồ Chí Minh,2014,1838.00,11895.00,6.50
TP. Hồ Chí Minh,2016,1829.00,11985.00,6.60
TP. Hồ Chí Minh,2018,1928.00,13262.00,6.90
TP. Hồ Chí Minh,2019,2092.00,14394.00,6.90
TP. Hồ Chí Minh,2020,3405.94,11867.85,3.48
TP. Hồ Chí Minh,2021,2816.24,11763.06,4.18
TP. Hồ Chí Minh,2022,2882.80,12852.31,4.46
TP. Hồ Chí Minh,2023,2943.33,13263.59,4.51
TP. Hồ Chí Minh,Sơ bộ 2024,2948.99,14509.94,4.92
Trung du và miền núi phía Bắc,2010,282.00,2137.00,7.60
Trung du và miền núi phía Bắc,2012,377.00,2943.00,7.80
Trung du và miền núi phía Bắc,2014,468.00,3806.00,8.10
Trung du và miền núi phía Bắc,2016,544.00,4784.00,8.80
Trung du và miền núi phía Bắc,2018,622.00,6044.00,9.70
Trung du và miền núi phía Bắc,2019,626.00,6327.00,10.10
Trung du và miền núi phía Bắc,2020,664.94,6359.56,9.56
Trung du và miền núi phía Bắc,2021,690.67,6682.27,9.68
Trung du và miền núi phía Bắc,2022,809.97,7166.47,8.85
Trung du và miền núi phía Bắc,2023,868.98,7842.06,9.02
Trung du và miền núi phía Bắc,Sơ bộ 2024,977.83,8446.59,8.64
Trà Vinh,2010,336.00,2571.00,7.70
Trà Vinh,2012,401.00,3325.00,8.30
Trà Vinh,2014,577.00,4805.00,8.30
Trà Vinh,2016,622.00,5245.00,8.40
Trà Vinh,2018,778.00,6908.00,8.90
Trà Vinh,2019,806.00,7268.00,9.00
Trà Vinh,2020,1068.27,8395.15,7.86
Trà Vinh,2021,963.79,8089.78,8.39
Trà Vinh,2022,1051.43,9465.12,9.00
Trà Vinh,2023,1090.74,9687.87,8.88
Trà Vinh,Sơ bộ 2024,1285.54,10963.68,8.53
Tuyên Quang,2010,293.00,1910.00,6.50
Tuyên Quang,2012,371.00,2543.00,6.80
Tuyên Quang,2014,506.00,3452.00,6.80
Tuyên Quang,2016,586.00,4071.00,6.90
Tuyên Quang,2018,645.00,4773.00,7.40
Tuyên Quang,2019,694.00,5224.00,7.50
Tuyên Quang,2020,786.07,5794.07,7.37
Tuyên Quang,2021,811.33,5696.87,7.02
Tuyên Quang,2022,891.90,6352.21,7.12
Tuyên Quang,2023,956.38,7004.62,7.32
Tuyên Quang,Sơ bộ 2024,1070.44,7648.20,7.14
Tây Nguyên,2010,305.00,2526.00,8.30
Tây Nguyên,2012,421.00,3626.00,8.60
Tây Nguyên,2014,510.00,4574.00,9.00
Tây Nguyên,2016,619.00,5812.00,9.40
Tây Nguyên,2018,730.00,7241.00,9.90
Tây Nguyên,2019,720.00,7546.00,10.50
Tây Nguyên,2020,782.29,6463.29,8.26
Tây Nguyên,2021,805.67,6761.19,8.39
Tây Nguyên,2022,911.65,7410.25,8.13
Tây Nguyên,2023,975.69,8191.40,8.40
Tây Nguyên,Sơ bộ 2024,1072.28,8892.73,8.29
Tây Ninh,2010,554.00,3494.00,6.30
Tây Ninh,2012,811.00,4952.00,6.10
Tây Ninh,2014,1081.00,6650.00,6.20
Tây Ninh,2016,1282.00,7946.00,6.20
Tây Ninh,2018,1501.00,9888.00,6.60
Tây Ninh,2019,1482.00,9824.00,6.60
Tây Ninh,2020,1674.22,8708.15,5.20
Tây Ninh,2021,1558.12,8239.86,5.29
Tây Ninh,2022,1690.74,9731.53,5.76
Tây Ninh,2023,1726.75,10368.61,6.00
Tây Ninh,Sơ bộ 2024,1844.84,11117.82,6.03
TỔNG SỐ,2010,369.00,3410.00,9.20
TỔNG SỐ,2012,512.00,4784.00,9.40
TỔNG SỐ,2014,660.00,6413.00,9.70
TỔNG SỐ,2016,771.00,7547.00,9.80
TỔNG SỐ,2018,932.00,9320.00,10.00
TỔNG SỐ,2019,988.00,10103.00,10.20
TỔNG SỐ,2020,1139.45,9192.52,8.07
TỔNG SỐ,2021,1151.82,9183.83,7.97
TỔNG SỐ,2022,1352.36,10236.58,7.57
TỔNG SỐ,2023,1451.09,10855.36,7.48
TỔNG SỐ,Sơ bộ 2024,1592.20,11811.85,7.42
Vĩnh Long,2010,455.00,2717.00,6.00
Vĩnh Long,2012,599.00,3624.00,6.00
Vĩnh Long,2014,793.00,4773.00,6.00
Vĩnh Long,2016,827.00,5171.00,6.30
Vĩnh Long,2018,1035.00,6957.00,6.70
Vĩnh Long,2019,1080.00,7380.00,6.80
Vĩnh Long,2020,1040.45,6917.61,6.65
Vĩnh Long,2021,1093.62,6863.54,6.28
Vĩnh Long,2022,1302.76,7710.08,5.92
Vĩnh Long,2023,1370.26,8022.74,5.85
Vĩnh Long,Sơ bộ 2024,1454.68,8540.60,5.87
Vĩnh Phúc,2010,419.00,2659.00,6.30
Vĩnh Phúc,2012,629.00,4060.00,6.50
Vĩnh Phúc,2014,794.00,5122.00,6.50
Vĩnh Phúc,2016,957.00,6280.00,6.60
Vĩnh Phúc,2018,1096.00,7939.00,7.20
Vĩnh Phúc,2019,1186.00,8637.00,7.30
Vĩnh Phúc,2020,2008.82,8276.73,4.12
Vĩnh Phúc,2021,1864.56,8916.48,4.78
Vĩnh Phúc,2022,1876.33,10544.23,5.62
Vĩnh Phúc,2023,1903.38,11230.04,5.90
Vĩnh Phúc,Sơ bộ 2024,2071.42,11441.52,5.52
Yên Bái,2010,279.00,1904.00,6.80
Yên Bái,2012,366.00,2603.00,7.10
Yên Bái,2014,438.00,3201.00,7.30
Yên Bái,2016,565.00,4481.00,7.90
Yên Bái,2018,673.00,5604.00,8.30
Yên Bái,2019,731.00,6248.00,8.60
Yên Bái,2020,645.54,6516.54,10.09
Yên Bái,2021,802.59,5968.44,7.44
Yên Bái,2022,912.77,6485.18,7.10
Yên Bái,2023,998.91,7250.67,7.26
Yên Bái,Sơ bộ 2024,1084.87,7686.41,7.09
Điện Biên,2010,215.00,1444.00,6.70
Điện Biên,2012,310.00,2143.00,6.90
Điện Biên,2014,444.00,3093.00,7.00
Điện Biên,2016,464.00,3355.00,7.20
Điện Biên,2018,529.00,4212.00,8.00
Điện Biên,2019,515.00,4211.00,8.20
Điện Biên,2020,517.26,4624.36,8.94
Điện Biên,2021,557.68,5324.29,9.55
Điện Biên,2022,667.02,5209.58,7.81
Điện Biên,2023,690.63,5505.19,7.97
Điện Biên,Sơ bộ 2024,769.54,6169.01,8.02
Đà Nẵng,2010,667.00,4399.00,6.60
Đà Nẵng,2012,976.00,6274.00,6.40
Đà Nẵng,2014,1274.00,8130.00,6.40
Đà Nẵng,2016,1595.00,10211.00,6.40
Đà Nẵng,2018,1871.00,12595.00,6.70
Đà Nẵng,2019,1910.00,12879.00,6.70
Đà Nẵng,2020,2045.08,10895.59,5.33
Đà Nẵng,2021,2272.32,10941.91,4.82
Đà Nẵng,2022,2363.64,12605.14,5.33
Đà Nẵng,2023,2465.10,13798.87,5.60
Đà Nẵng,Sơ bộ 2024,2693.02,14830.16,5.51
Đông Nam Bộ,2010,720.00,5573.00,7.70
Đông Nam Bộ,2012,1054.00,7361.00,7.00
Đông Nam Bộ,2014,1397.00,9979.00,7.10
Đông Nam Bộ,2016,1608.00,10999.00,6.80
Đông Nam Bộ,2018,1809.00,12899.00,7.10
Đông Nam Bộ,2019,1923.00,13875.00,7.20
Đông Nam Bộ,2020,2582.14,11460.00,4.44
Đông Nam Bộ,2021,2326.65,11630.40,5.00
Đông Nam Bộ,2022,2465.87,13498.32,5.47
Đông Nam Bộ,2023,2532.62,13827.11,5.46
Đông Nam Bộ,Sơ bộ 2024,2638.87,14937.41,5.66
Đắk Lắk,2010,298.00,2474.00,8.30
Đắk Lắk,2012,436.00,3678.00,8.40
Đắk Lắk,2014,550.00,4658.00,8.50
Đắk Lắk,2016,639.00,5667.00,8.90
Đắk Lắk,2018,705.00,6821.00,9.70
Đắk Lắk,2019,766.00,7537.00,9.80
Đắk Lắk,2020,829.75,6417.41,7.73
Đắk Lắk,2021,929.36,6625.57,7.13
Đắk Lắk,2022,977.31,7170.55,7.34
Đắk Lắk,2023,987.04,7995.09,8.10
Đắk Lắk,Sơ bộ 2024,1061.65,8596.86,8.10
Đắk Nông,2010,268.00,2513.00,9.40
Đắk Nông,2012,364.00,3477.00,9.50
Đắk Nông,2014,392.00,3792.00,9.70
Đắk Nông,2016,606.00,5990.00,9.90
Đắk Nông,2018,711.00,7751.00,10.90
Đắk Nông,2019,677.00,7505.00,11.10
Đắk Nông,2020,754.37,6145.09,8.15
Đắk Nông,2021,765.69,6417.52,8.38
Đắk Nông,2022,849.13,7419.22,8.74
Đắk Nông,2023,933.57,7935.14,8.50
Đắk Nông,Sơ bộ 2024,1018.81,8673.07,8.51
Đồng bằng sông Cửu Long,2010,395.00,2908.00,7.40
Đồng bằng sông Cửu Long,2012,545.00,4214.00,7.70
Đồng bằng sông Cửu Long,2014,728.00,5420.00,7.40
Đồng bằng sông Cửu Long,2016,852.00,6611.00,7.80
Đồng bằng sông Cửu Long,2018,1040.00,8515.00,8.20
Đồng bằng sông Cửu Long,2019,1050.00,8834.00,8.40
Đồng bằng sông Cửu Long,2020,1224.12,8468.73,6.92
Đồng bằng sông Cửu Long,2021,1207.82,7870.72,6.52
Đồng bằng sông Cửu Long,2022,1372.84,8606.21,6.27
Đồng bằng sông Cửu Long,2023,1493.41,9132.10,6.11
Đồng bằng sông Cửu Long,Sơ bộ 2024,1578.11,10028.51,6.35
Đồng bằng sông Hồng,2010,468.00,3744.00,8.00
Đồng bằng sông Hồng,2012,700.00,5384.00,7.70
Đồng bằng sông Hồng,2014,1007.00,7858.00,7.80
Đồng bằng sông Hồng,2016,1177.00,9185.00,7.80
Đồng bằng sông Hồng,2018,1374.00,11120.00,8.10
Đồng bằng sông Hồng,2019,1396.00,11504.00,8.20
Đồng bằng sông Hồng,2020,1937.82,10384.58,5.36
Đồng bằng sông Hồng,2021,1919.39,10333.11,5.38
Đồng bằng sông Hồng,2022,1985.94,11479.26,5.78
Đồng bằng sông Hồng,2023,2075.41,12331.34,5.94
Đồng bằng sông Hồng,Sơ bộ 2024,2270.85,13542.57,5.96
Đồng Nai,2010,576.00,3823.00,6.60
Đồng Nai,2012,895.00,5475.00,6.10
Đồng Nai,2014,1273.00,7775.00,6.10
Đồng Nai,2016,1581.00,9794.00,6.20
Đồng Nai,2018,1902.00,12363.00,6.50
Đồng Nai,2019,2038.00,13290.00,6.50
Đồng Nai,2020,2630.25,10025.49,3.81
Đồng Nai,2021,2075.73,12119.82,5.84
Đồng Nai,2022,2361.62,13635.69,5.77
Đồng Nai,2023,2445.10,13919.76,5.69
Đồng Nai,Sơ bộ 2024,2602.06,14731.28,5.66
Đồng Tháp,2010,335.00,2650.00,7.90
Đồng Tháp,2012,518.00,4129.00,8.00
Đồng Tháp,2014,665.00,5092.00,7.70
Đồng Tháp,2016,827.00,6479.00,7.80
Đồng Tháp,2018,978.00,8463.00,8.70
Đồng Tháp,2019,931.00,8138.00,8.70
Đồng Tháp,2020,1866.36,6853.90,3.67
Đồng Tháp,2021,1791.20,7785.71,4.35
Đồng Tháp,2022,1819.45,8773.24,4.82
Đồng Tháp,2023,1890.06,9668.08,5.12
Đồng Tháp,Sơ bộ 2024,1924.87,10357.79,5.38
