Tỉnh/Thành phố,Tỷ suất,2005,2007,2008,2009,2010,2011,2012,2013,2014,2015,2016,2017,2018,2019,2020,2021,2022,2023,Sơ bộ 2024
An Giang,Tỷ suất nhập cư,1.40,1.80,2.10,1.80,3.60,3.90,2.20,3.10,4.30,2.10,1.30,1.30,2.10,1.20,1.83,2.93,1.69,1.21,3.61
An Giang,Tỷ suất xuất cư,3.50,4.60,5.00,11.00,11.90,16.00,11.20,11.30,12.70,11.80,10.40,5.00,11.90,15.60,17.99,25.79,9.94,8.47,13.37
An Giang,Tỷ suất di cư thuần,-2.10,-2.80,-2.90,-9.20,-8.30,-12.20,-9.00,-8.20,-8.40,-9.60,-9.10,-3.70,-9.90,-14.40,-16.16,-22.85,-8.25,-7.26,-9.76
Bà Rịa - Vũng Tàu,Tỷ suất nhập cư,8.70,9.10,5.40,12.50,13.30,16.50,10.50,10.80,15.00,6.00,4.60,2.60,2.40,7.60,7.48,4.85,3.42,5.04,5.76
Bà Rịa - Vũng Tàu,Tỷ suất xuất cư,6.10,8.80,7.60,8.20,8.90,10.80,7.70,6.90,7.80,5.30,3.50,2.20,3.10,5.80,4.28,3.93,4.32,6.53,6.68
Bà Rịa - Vũng Tàu,Tỷ suất di cư thuần,2.60,0.30,-2.30,4.30,4.40,5.70,2.80,4.00,7.20,0.70,1.10,0.40,-0.70,1.80,3.21,0.92,-0.90,-1.49,-0.93
Bình Dương,Tỷ suất nhập cư,27.20,60.70,42.30,73.20,89.60,64.80,59.10,54.50,70.20,52.00,32.30,30.60,53.60,43.40,62.66,35.63,26.36,28.12,27.70
Bình Dương,Tỷ suất xuất cư,9.20,19.60,15.20,5.10,15.00,22.10,10.20,19.90,18.20,10.00,8.80,6.70,5.70,3.40,4.06,4.87,4.21,5.10,7.00
Bình Dương,Tỷ suất di cư thuần,18.00,41.10,27.10,68.10,74.60,42.70,48.90,34.50,52.00,42.00,23.50,23.90,47.90,40.10,58.60,30.75,22.16,23.02,20.71
Bình Phước,Tỷ suất nhập cư,4.60,6.80,5.50,9.20,10.30,10.90,6.70,7.10,8.00,3.10,7.30,2.10,2.20,5.00,4.28,1.95,3.62,5.89,7.29
Bình Phước,Tỷ suất xuất cư,6.60,12.10,9.10,9.30,17.20,11.70,8.90,9.20,12.00,3.60,4.30,4.70,3.00,6.70,6.30,4.17,2.37,3.59,7.93
Bình Phước,Tỷ suất di cư thuần,-2.00,-5.30,-3.60,-0.10,-6.90,-0.80,-2.20,-2.10,-4.00,-0.50,3.00,-2.70,-0.70,-1.70,-2.01,-2.22,1.25,2.30,-0.65
Bình Thuận,Tỷ suất nhập cư,3.10,0.80,1.90,3.00,4.20,2.10,2.30,5.30,2.40,1.00,1.30,1.10,1.40,1.40,1.00,0.56,0.49,0.51,1.05
Bình Thuận,Tỷ suất xuất cư,4.20,9.00,5.30,7.60,9.60,8.50,6.10,8.50,6.90,3.10,1.50,2.50,3.00,5.60,10.34,5.91,4.17,6.57,7.81
Bình Thuận,Tỷ suất di cư thuần,-1.10,-8.30,-3.40,-4.60,-5.40,-6.40,-3.80,-3.20,-4.50,-2.10,-0.10,-1.50,-1.60,-4.10,-9.34,-5.35,-3.68,-6.05,-6.76
Bình Định,Tỷ suất nhập cư,1.60,4.20,2.50,2.70,6.00,6.60,2.80,3.70,4.40,2.30,1.50,2.00,0.60,1.40,0.82,2.33,1.62,1.29,2.74
Bình Định,Tỷ suất xuất cư,5.70,7.50,4.30,10.80,9.90,10.00,9.80,7.50,8.20,3.30,4.20,2.50,2.30,8.30,10.51,7.04,7.79,5.75,7.47
Bình Định,Tỷ suất di cư thuần,-4.10,-3.30,-1.80,-8.00,-3.90,-3.40,-7.00,-3.80,-3.90,-1.10,-2.70,-0.50,-1.70,-6.90,-9.69,-4.70,-6.17,-4.46,-4.73
Bạc Liêu,Tỷ suất nhập cư,1.80,1.60,1.40,1.50,2.60,3.00,2.40,2.50,2.50,1.30,0.70,0.40,0.20,1.40,3.26,0.31,0.52,4.39,3.23
Bạc Liêu,Tỷ suất xuất cư,2.60,6.60,3.10,10.80,13.20,9.60,10.70,16.40,16.60,7.60,7.50,4.40,6.90,11.80,16.61,17.91,6.66,10.82,9.83
Bạc Liêu,Tỷ suất di cư thuần,-0.80,-5.00,-1.70,-9.30,-10.60,-6.60,-8.30,-13.90,-14.10,-6.30,-6.90,-4.00,-6.70,-10.40,-13.34,-17.61,-6.14,-6.44,-6.61
Bắc Giang,Tỷ suất nhập cư,2.40,3.40,3.30,1.60,3.00,5.50,3.20,4.60,4.80,3.10,1.80,1.30,1.60,2.50,3.50,4.16,1.28,2.00,6.35
Bắc Giang,Tỷ suất xuất cư,4.90,6.40,4.30,10.30,10.00,10.40,6.80,9.20,5.80,4.20,7.00,2.50,2.80,5.50,4.47,3.53,4.20,3.56,6.02
Bắc Giang,Tỷ suất di cư thuần,-2.50,-2.90,-1.00,-8.70,-7.00,-4.90,-3.60,-4.50,-0.90,-1.10,-5.20,-1.20,-1.20,-3.10,-0.97,0.63,-2.91,-1.57,0.33
Bắc Kạn,Tỷ suất nhập cư,4.30,5.00,2.60,4.70,4.60,4.80,3.10,4.70,4.00,2.20,1.00,1.60,1.20,1.60,0.95,1.42,1.51,0.83,3.85
Bắc Kạn,Tỷ suất xuất cư,5.00,4.20,3.80,7.10,6.30,6.70,4.60,11.70,10.10,2.50,4.40,4.10,3.00,9.60,4.99,13.43,4.40,10.15,9.76
Bắc Kạn,Tỷ suất di cư thuần,-0.70,0.70,-1.20,-2.40,-1.70,-1.80,-1.50,-6.90,-6.00,-0.30,-3.40,-2.50,-1.80,-8.00,-4.04,-12.01,-2.89,-9.33,-5.91
Bắc Ninh,Tỷ suất nhập cư,5.30,12.40,6.20,6.40,9.80,13.40,12.70,19.40,15.40,16.00,11.00,9.70,11.10,21.40,40.92,45.66,39.35,39.93,24.26
Bắc Ninh,Tỷ suất xuất cư,7.70,7.30,8.30,8.90,7.60,6.50,5.50,6.10,5.40,3.20,3.60,4.20,2.00,4.30,5.09,3.93,2.98,3.47,6.13
Bắc Ninh,Tỷ suất di cư thuần,-2.50,5.10,-2.10,-2.50,2.20,7.00,7.20,13.40,10.10,12.80,7.50,5.50,9.10,17.10,35.83,41.73,36.37,36.45,18.13
Bến Tre,Tỷ suất nhập cư,2.00,3.40,3.40,2.30,2.20,5.80,2.50,5.30,7.40,3.70,2.30,2.50,2.60,2.50,3.24,3.04,3.68,3.27,4.25
Bến Tre,Tỷ suất xuất cư,6.60,10.10,7.30,15.70,15.10,15.50,10.80,9.20,13.90,7.40,6.30,4.00,6.80,9.60,13.52,8.39,4.66,5.20,7.66
Bến Tre,Tỷ suất di cư thuần,-4.60,-6.70,-3.90,-13.40,-12.90,-9.80,-8.30,-3.90,-6.50,-3.70,-3.90,-1.50,-4.30,-7.10,-10.27,-5.35,-0.97,-1.94,-3.41
Cao Bằng,Tỷ suất nhập cư,4.20,5.90,5.20,3.70,4.70,4.60,4.40,8.10,3.30,4.00,3.30,1.70,1.90,1.80,2.19,2.50,2.74,2.12,3.84
Cao Bằng,Tỷ suất xuất cư,4.00,7.00,1.50,6.50,9.60,10.10,15.60,8.60,8.20,4.00,4.20,4.80,3.60,7.50,11.52,7.29,7.55,9.72,8.23
Cao Bằng,Tỷ suất di cư thuần,0.20,-1.10,3.60,-2.80,-4.90,-5.50,-11.20,-0.40,-5.00,-0.10,-0.80,-3.20,-1.60,-5.70,-9.33,-4.79,-4.81,-7.60,-4.38
Cà Mau,Tỷ suất nhập cư,1.80,0.60,1.20,1.40,2.50,4.20,2.40,2.90,2.80,0.50,0.90,0.10,1.10,1.30,0.68,0.82,0.57,0.44,1.38
Cà Mau,Tỷ suất xuất cư,2.10,7.20,6.50,12.80,29.70,16.30,8.20,11.40,16.40,7.70,9.10,9.40,7.70,13.80,15.83,20.22,12.89,11.32,12.36
Cà Mau,Tỷ suất di cư thuần,-0.30,-6.60,-5.30,-11.40,-27.20,-12.10,-5.80,-8.50,-13.60,-7.20,-8.20,-9.30,-6.60,-12.50,-15.15,-19.39,-12.32,-10.88,-10.97
Cần Thơ,Tỷ suất nhập cư,5.10,6.40,4.40,10.20,9.80,6.90,8.90,9.60,8.20,3.10,3.60,7.30,4.40,9.00,14.44,12.46,16.17,8.24,15.24
Cần Thơ,Tỷ suất xuất cư,5.50,7.00,7.30,9.50,11.50,11.00,7.10,13.60,11.40,7.70,6.30,2.60,6.30,7.20,16.64,13.36,5.01,3.97,6.69
Cần Thơ,Tỷ suất di cư thuần,-0.50,-0.60,-2.80,0.60,-1.70,-4.10,1.80,-4.00,-3.20,-4.60,-2.70,4.70,-1.80,1.80,-2.20,-0.91,11.16,4.27,8.55
Gia Lai,Tỷ suất nhập cư,2.90,7.10,5.50,7.00,3.70,4.90,4.90,8.00,5.20,1.70,1.70,1.30,0.80,1.90,1.42,0.49,0.54,1.44,2.09
Gia Lai,Tỷ suất xuất cư,3.40,6.00,6.00,4.90,5.90,6.90,5.30,8.10,7.10,2.30,3.50,4.10,2.20,4.30,6.31,5.89,3.99,4.52,5.20
Gia Lai,Tỷ suất di cư thuần,-0.60,1.00,-0.40,2.10,-2.20,-1.90,-0.40,-0.10,-1.80,-0.60,-1.80,-2.80,-1.40,-2.40,-4.90,-5.40,-3.46,-3.08,-3.11
Huế,Tỷ suất nhập cư,4.80,4.90,3.10,5.40,8.30,13.50,5.00,6.80,7.10,3.00,3.20,2.10,1.00,3.10,1.96,6.02,5.25,8.30,4.22
Huế,Tỷ suất xuất cư,8.40,7.50,8.80,9.90,10.30,8.60,7.70,7.10,11.60,8.40,9.70,2.70,6.10,7.40,7.35,3.88,4.76,2.74,7.27
Huế,Tỷ suất di cư thuần,-3.60,-2.70,-5.80,-4.50,-2.00,4.90,-2.70,-0.30,-4.50,-5.40,-6.50,-0.60,-5.00,-4.40,-5.39,2.14,0.49,5.56,-3.05
Hà Giang,Tỷ suất nhập cư,0.60,0.90,0.90,2.20,1.90,2.40,1.30,2.80,1.40,1.10,0.20,0.10,0.10,1.00,0.71,0.32,0.51,0.21,2.68
Hà Giang,Tỷ suất xuất cư,0.90,2.20,2.10,3.10,19.00,3.60,1.70,2.60,2.10,2.70,2.70,1.80,3.40,4.80,5.44,7.89,10.78,9.86,7.58
Hà Giang,Tỷ suất di cư thuần,-0.30,-1.20,-1.20,-0.90,-17.10,-1.30,-0.40,0.20,-0.60,-1.50,-2.50,-1.70,-3.30,-3.70,-4.73,-7.57,-10.27,-9.65,-4.90
Hà Nam,Tỷ suất nhập cư,2.30,2.80,4.90,2.40,4.10,6.60,1.40,6.10,6.70,2.60,3.00,1.10,1.60,3.30,6.40,3.01,1.50,1.88,7.15
Hà Nam,Tỷ suất xuất cư,8.00,11.60,5.30,13.10,8.70,10.50,5.60,6.20,8.70,5.90,4.80,6.00,5.60,6.70,4.81,4.52,2.94,3.14,7.36
Hà Nam,Tỷ suất di cư thuần,-5.70,-8.80,-0.50,-10.70,-4.60,-4.00,-4.20,-0.10,-2.00,-3.20,-1.90,-4.90,-4.00,-3.40,1.59,-1.51,-1.44,-1.26,-0.21
Hà Nội,Tỷ suất nhập cư,13.80,14.80,10.70,13.10,10.80,11.00,6.10,7.70,7.50,4.70,4.60,3.00,4.70,8.80,6.26,7.68,4.79,5.85,5.91
Hà Nội,Tỷ suất xuất cư,5.20,10.50,6.80,3.20,4.90,6.40,3.30,7.40,7.80,4.10,2.60,3.30,2.60,2.50,2.53,1.75,2.84,1.96,4.47
Hà Nội,Tỷ suất di cư thuần,8.70,4.30,3.90,9.90,5.90,4.70,2.80,0.30,-0.40,0.60,2.00,-0.30,2.10,6.30,3.73,5.93,1.95,3.89,1.44
Hà Tây,Tỷ suất nhập cư,2.20,2.80,..,..,..,..,..,..,..,..,..,..,..,..,..,..,..,..,..
Hà Tây,Tỷ suất xuất cư,4.30,7.10,..,..,..,..,..,..,..,..,..,..,..,..,..,..,..,..,..
Hà Tây,Tỷ suất di cư thuần,-2.10,-4.30,..,..,..,..,..,..,..,..,..,..,..,..,..,..,..,..,..
Hà Tĩnh,Tỷ suất nhập cư,6.40,3.60,6.70,2.30,4.70,6.20,3.70,6.90,10.90,3.90,3.50,1.20,1.90,2.50,1.29,2.74,2.14,2.60,4.89
Hà Tĩnh,Tỷ suất xuất cư,5.10,10.60,6.40,15.20,14.40,12.40,12.80,11.00,14.90,8.20,5.10,4.90,5.50,8.10,6.75,7.93,5.51,6.53,5.77
Hà Tĩnh,Tỷ suất di cư thuần,1.30,-7.00,0.30,-12.90,-9.70,-6.20,-9.10,-4.10,-4.00,-4.30,-1.70,-3.60,-3.60,-5.60,-5.46,-5.19,-3.36,-3.93,-0.87
Hòa Bình,Tỷ suất nhập cư,3.70,4.00,2.60,3.00,3.80,5.60,2.10,2.70,3.40,1.80,2.50,1.70,1.60,1.60,0.75,2.00,1.49,0.99,3.97
Hòa Bình,Tỷ suất xuất cư,2.90,4.40,3.10,6.30,5.80,7.80,5.80,10.90,8.40,3.40,2.20,2.20,5.30,7.00,12.07,12.35,7.26,9.95,5.65
Hòa Bình,Tỷ suất di cư thuần,0.80,-0.40,-0.60,-3.30,-2.00,-2.20,-3.70,-8.10,-5.00,-1.60,0.30,-0.40,-3.70,-5.40,-11.32,-10.40,-5.77,-8.96,-1.68
Hưng Yên,Tỷ suất nhập cư,6.80,6.70,3.90,5.40,6.50,8.00,7.00,10.90,7.40,3.50,3.90,3.20,3.40,4.50,8.65,3.64,3.49,3.34,6.88
Hưng Yên,Tỷ suất xuất cư,5.80,4.90,5.10,9.40,6.70,6.10,9.60,6.50,5.20,4.60,3.10,1.60,1.80,5.00,4.58,3.70,1.24,1.80,5.16
Hưng Yên,Tỷ suất di cư thuần,1.00,1.80,-1.20,-4.00,-0.20,1.80,-2.60,4.50,2.20,-1.10,0.90,1.60,1.50,-0.50,4.07,-0.07,2.26,1.54,1.73
Hải Dương,Tỷ suất nhập cư,3.10,3.10,4.50,4.30,5.00,7.80,5.60,5.60,4.00,1.40,1.20,1.40,3.80,2.50,2.46,1.01,1.86,1.92,3.36
Hải Dương,Tỷ suất xuất cư,7.30,5.90,5.30,8.60,7.20,5.50,4.80,8.50,5.60,2.40,2.60,2.10,1.50,4.70,2.96,3.03,4.80,2.01,3.86
Hải Dương,Tỷ suất di cư thuần,-4.30,-2.80,-0.80,-4.30,-2.20,2.30,0.80,-2.90,-1.60,-1.00,-1.40,-0.60,2.30,-2.30,-0.50,-2.02,-2.94,-0.10,-0.50
Hải Phòng,Tỷ suất nhập cư,4.10,4.50,3.90,5.60,7.00,7.10,6.00,6.60,4.00,2.90,1.40,2.20,1.60,2.70,2.55,5.93,2.53,2.80,4.67
Hải Phòng,Tỷ suất xuất cư,2.90,2.70,2.10,3.80,3.80,5.00,2.10,4.00,3.40,1.40,1.80,0.80,1.60,2.70,1.49,2.03,1.08,1.34,2.53
Hải Phòng,Tỷ suất di cư thuần,1.30,1.80,1.80,1.80,3.20,2.10,3.90,2.50,0.60,1.40,-0.40,1.40,0.00,0.00,1.06,3.90,1.45,1.46,2.15
Hậu Giang,Tỷ suất nhập cư,2.40,3.30,6.30,3.30,4.00,7.70,7.70,6.70,4.50,1.80,1.30,0.30,2.70,2.30,1.32,1.08,5.80,1.45,1.60
Hậu Giang,Tỷ suất xuất cư,4.00,12.60,10.40,10.80,10.90,5.40,11.60,10.80,18.00,6.10,3.80,8.90,6.40,14.60,25.08,18.81,7.79,9.89,12.89
Hậu Giang,Tỷ suất di cư thuần,-1.60,-9.30,-4.10,-7.50,-6.90,2.30,-3.90,-4.10,-13.50,-4.20,-2.60,-8.60,-3.70,-12.20,-23.76,-17.73,-1.99,-8.43,-11.29
Khánh Hòa,Tỷ suất nhập cư,2.60,2.10,3.50,4.10,3.70,5.00,3.10,3.40,3.50,1.60,1.50,1.40,0.50,1.90,1.05,0.67,0.79,0.30,1.93
Khánh Hòa,Tỷ suất xuất cư,5.30,5.10,3.90,5.60,11.90,8.40,5.50,4.70,7.40,4.90,3.70,0.80,1.30,3.90,2.55,2.69,3.94,1.39,4.53
Khánh Hòa,Tỷ suất di cư thuần,-2.70,-3.00,-0.40,-1.50,-8.20,-3.40,-2.40,-1.20,-3.80,-3.30,-2.20,0.70,-0.90,-1.90,-1.50,-2.02,-3.15,-1.09,-2.60
Kiên Giang,Tỷ suất nhập cư,3.40,4.80,3.30,2.50,5.80,7.30,4.40,4.10,3.00,2.00,1.90,2.10,0.90,2.80,1.34,1.46,2.36,1.15,3.56
Kiên Giang,Tỷ suất xuất cư,3.40,6.10,4.00,9.30,14.50,15.20,8.80,10.80,9.60,9.90,11.00,10.80,6.80,11.30,12.48,16.86,4.48,8.16,9.80
Kiên Giang,Tỷ suất di cư thuần,0.00,-1.30,-0.60,-6.70,-8.70,-7.80,-4.40,-6.70,-6.70,-7.90,-9.10,-8.70,-5.90,-8.50,-11.14,-15.40,-2.12,-7.02,-6.24
Kon Tum,Tỷ suất nhập cư,4.70,4.20,9.50,9.30,6.70,8.80,11.80,13.30,6.70,3.90,1.50,2.50,0.70,2.70,1.01,1.40,0.59,0.54,2.46
Kon Tum,Tỷ suất xuất cư,4.20,5.70,2.40,3.90,4.10,9.80,5.30,5.90,7.60,1.90,6.10,1.10,2.70,4.10,9.27,5.84,2.15,1.48,4.96
Kon Tum,Tỷ suất di cư thuần,0.40,-1.50,7.20,5.40,2.60,-1.00,6.50,7.40,-0.90,2.00,-4.70,1.30,-2.00,-1.40,-8.26,-4.43,-1.56,-0.94,-2.50
Lai Châu,Tỷ suất nhập cư,1.10,4.40,3.90,9.80,3.50,3.50,3.90,5.00,3.80,1.60,1.00,2.00,1.70,2.90,0.94,0.81,0.86,0.91,1.95
Lai Châu,Tỷ suất xuất cư,3.30,4.40,8.10,2.90,2.50,4.10,3.40,4.70,3.80,16.70,16.10,3.10,1.80,2.80,4.47,3.87,5.58,2.24,6.78
Lai Châu,Tỷ suất di cư thuần,-2.20,0.00,-4.20,6.90,1.00,-0.60,0.50,0.30,0.00,-15.10,-15.10,-1.10,-0.10,0.10,-3.53,-3.06,-4.72,-1.32,-4.84
Long An,Tỷ suất nhập cư,2.60,4.60,3.80,5.90,5.50,3.80,4.70,4.70,6.20,4.50,3.80,1.30,2.20,9.50,9.14,8.67,6.13,7.47,9.42
Long An,Tỷ suất xuất cư,6.50,10.20,8.70,9.90,9.00,7.70,7.50,6.80,8.80,6.50,6.30,4.00,7.10,6.00,8.02,6.54,4.42,5.66,4.83
Long An,Tỷ suất di cư thuần,-3.90,-5.60,-5.00,-3.90,-3.50,-3.90,-2.80,-2.10,-2.70,-2.00,-2.50,-2.70,-4.90,3.50,1.12,2.13,1.71,1.81,4.59
Lào Cai,Tỷ suất nhập cư,1.20,1.80,1.40,3.90,3.70,3.40,2.90,4.40,2.00,1.90,1.40,2.60,0.50,2.20,0.82,0.69,0.64,0.47,1.22
Lào Cai,Tỷ suất xuất cư,2.40,6.60,2.30,4.50,3.80,2.40,3.00,5.10,4.10,4.80,3.50,2.70,1.90,3.70,3.26,6.75,6.40,3.34,6.13
Lào Cai,Tỷ suất di cư thuần,-1.20,-4.90,-0.90,-0.60,-0.10,1.00,-0.10,-0.70,-2.00,-2.90,-2.10,-0.20,-1.40,-1.50,-2.44,-6.06,-5.76,-2.87,-4.91
Lâm Đồng,Tỷ suất nhập cư,7.60,6.80,7.10,9.80,8.60,9.20,6.80,8.00,6.00,3.90,2.90,3.50,3.30,3.80,4.44,2.07,1.81,1.82,4.32
Lâm Đồng,Tỷ suất xuất cư,5.50,4.50,12.30,8.40,7.50,8.30,8.90,8.40,9.10,5.30,4.40,2.10,4.00,5.60,6.04,1.99,2.51,2.94,3.93
Lâm Đồng,Tỷ suất di cư thuần,2.10,2.30,-5.30,1.40,1.10,1.00,-2.10,-0.40,-3.10,-1.40,-1.50,1.40,-0.70,-1.80,-1.60,0.09,-0.70,-1.12,0.39
Lạng Sơn,Tỷ suất nhập cư,1.20,1.30,2.50,2.60,3.00,6.20,3.50,6.10,2.00,2.40,1.40,1.30,2.20,1.30,1.69,0.86,1.28,0.98,6.42
Lạng Sơn,Tỷ suất xuất cư,3.00,5.40,5.50,7.30,8.20,8.10,7.80,6.30,7.10,5.30,3.60,4.00,3.00,8.70,13.05,13.77,6.34,15.33,8.50
Lạng Sơn,Tỷ suất di cư thuần,-1.80,-4.00,-3.10,-4.70,-5.20,-1.90,-4.30,-0.20,-5.10,-2.90,-2.10,-2.70,-0.80,-7.30,-11.36,-12.91,-5.06,-14.35,-2.08
Nam Định,Tỷ suất nhập cư,1.90,3.90,0.70,2.20,4.10,6.10,2.30,3.50,4.60,0.60,0.70,1.90,2.40,1.60,1.96,1.04,2.11,2.43,1.97
Nam Định,Tỷ suất xuất cư,6.80,7.10,8.30,12.90,8.40,7.40,7.80,8.40,8.30,3.70,3.90,3.00,5.70,9.30,6.06,9.36,4.65,6.35,7.38
Nam Định,Tỷ suất di cư thuần,-4.90,-3.20,-7.60,-10.60,-4.30,-1.30,-5.50,-4.90,-3.70,-3.00,-3.20,-1.10,-3.30,-7.60,-4.10,-8.33,-2.53,-3.92,-5.42
Nghệ An,Tỷ suất nhập cư,2.70,5.50,2.60,2.10,2.70,4.80,1.00,6.80,19.40,10.10,4.50,8.90,1.30,1.00,0.86,1.38,1.18,0.78,3.81
Nghệ An,Tỷ suất xuất cư,4.50,5.70,4.50,11.40,10.30,11.80,10.50,12.50,10.10,5.40,3.00,2.70,4.90,7.00,10.05,7.57,5.15,4.11,4.51
Nghệ An,Tỷ suất di cư thuần,-1.80,-0.10,-1.90,-9.30,-7.60,-7.00,-9.60,-5.70,9.30,4.70,1.50,6.20,-3.60,-6.10,-9.19,-6.19,-3.97,-3.32,-0.70
Ninh Bình,Tỷ suất nhập cư,3.60,6.40,4.60,3.50,5.90,10.20,10.20,11.90,7.90,5.60,3.40,3.90,4.80,2.60,1.80,2.39,4.21,3.20,4.63
Ninh Bình,Tỷ suất xuất cư,6.20,9.10,6.20,12.50,9.20,8.50,6.40,11.10,7.50,4.50,2.60,3.00,5.50,6.50,2.28,4.69,2.07,3.89,6.15
Ninh Bình,Tỷ suất di cư thuần,-2.60,-2.70,-1.60,-9.00,-3.30,1.70,3.80,0.80,0.40,1.10,0.80,0.90,-0.60,-3.90,-0.48,-2.30,2.13,-0.69,-1.53
Ninh Thuận,Tỷ suất nhập cư,1.10,1.90,3.10,2.20,2.90,3.80,3.60,7.40,4.00,1.80,0.90,1.40,1.20,1.30,1.28,2.04,1.17,1.74,4.64
Ninh Thuận,Tỷ suất xuất cư,1.60,4.60,2.60,8.80,17.10,15.80,4.50,3.10,6.80,5.30,4.90,3.00,2.30,7.70,5.33,3.77,3.42,2.60,6.26
Ninh Thuận,Tỷ suất di cư thuần,-0.50,-2.70,0.40,-6.60,-14.20,-12.00,-0.90,4.30,-2.80,-3.50,-3.90,-1.60,-1.00,-6.40,-4.05,-1.73,-2.25,-0.86,-1.62
Phú Thọ,Tỷ suất nhập cư,2.60,4.60,2.60,2.30,2.40,4.50,3.10,6.70,5.20,2.70,1.70,1.10,1.10,1.30,1.25,1.68,0.87,0.74,2.25
Phú Thọ,Tỷ suất xuất cư,3.50,4.80,3.60,9.60,14.20,13.70,5.00,7.00,7.70,3.40,3.80,1.00,3.90,5.70,3.28,2.41,2.93,3.84,3.50
Phú Thọ,Tỷ suất di cư thuần,-0.90,-0.20,-1.10,-7.30,-11.80,-9.20,-1.90,-0.40,-2.50,-0.80,-2.20,0.00,-2.90,-4.40,-2.03,-0.73,-2.06,-3.10,-1.25
Phú Yên,Tỷ suất nhập cư,2.70,2.90,2.40,2.00,2.50,6.10,3.20,3.90,3.90,1.40,1.00,1.40,0.70,1.10,1.03,2.34,1.54,1.21,2.46
Phú Yên,Tỷ suất xuất cư,1.50,3.50,6.70,7.60,8.40,14.00,6.20,6.30,7.70,9.30,2.80,2.90,4.20,7.40,12.01,5.24,12.04,3.73,6.72
Phú Yên,Tỷ suất di cư thuần,1.20,-0.60,-4.30,-5.50,-5.90,-7.90,-3.00,-2.40,-3.80,-7.90,-1.80,-1.60,-3.40,-6.30,-10.98,-2.91,-10.50,-2.52,-4.26
Quảng Bình,Tỷ suất nhập cư,2.60,3.30,1.50,1.90,2.40,4.00,7.60,6.50,5.80,3.20,2.00,1.60,1.80,1.90,1.02,2.66,3.61,3.03,5.40
Quảng Bình,Tỷ suất xuất cư,3.40,5.70,6.90,11.50,13.40,10.30,7.60,14.50,11.40,6.60,5.30,3.30,4.90,7.30,6.63,5.40,3.53,5.19,5.20
Quảng Bình,Tỷ suất di cư thuần,-0.80,-2.40,-5.40,-9.60,-11.00,-6.30,0.00,-8.00,-5.70,-3.40,-3.30,-1.70,-3.10,-5.50,-5.60,-2.74,0.08,-2.16,0.21
Quảng Nam,Tỷ suất nhập cư,2.20,2.60,1.80,2.40,4.90,8.80,3.30,6.20,4.60,2.50,4.30,1.50,1.60,1.60,1.41,3.46,4.47,1.92,3.68
Quảng Nam,Tỷ suất xuất cư,6.50,7.10,6.10,10.40,14.60,11.10,6.90,7.70,6.70,6.30,5.10,3.00,2.80,7.70,7.07,8.14,3.14,7.74,7.56
Quảng Nam,Tỷ suất di cư thuần,-4.30,-4.50,-4.30,-8.00,-9.70,-2.30,-3.60,-1.50,-2.10,-3.80,-0.80,-1.50,-1.20,-6.00,-5.66,-4.67,1.34,-5.82,-3.87
Quảng Ngãi,Tỷ suất nhập cư,0.60,4.20,2.70,1.50,2.30,5.40,1.80,4.20,3.60,1.50,1.40,0.80,1.90,1.30,2.33,2.49,2.68,2.92,2.77
Quảng Ngãi,Tỷ suất xuất cư,5.50,7.80,5.40,11.40,12.00,13.30,7.60,6.00,8.40,3.10,2.80,7.90,5.20,9.60,6.80,5.47,5.40,6.44,7.55
Quảng Ngãi,Tỷ suất di cư thuần,-4.90,-3.60,-2.70,-10.00,-9.70,-7.90,-5.80,-1.90,-4.90,-1.60,-1.40,-7.10,-3.30,-8.30,-4.47,-2.99,-2.72,-3.51,-4.77
Quảng Ninh,Tỷ suất nhập cư,3.60,3.50,2.60,5.70,3.70,3.60,2.00,4.50,3.80,1.70,1.10,1.10,1.40,2.40,0.95,0.37,1.05,0.53,1.62
Quảng Ninh,Tỷ suất xuất cư,5.30,8.50,6.60,4.90,5.40,5.50,4.80,10.40,7.80,3.60,2.20,1.70,3.20,3.80,3.76,3.44,5.14,0.98,3.54
Quảng Ninh,Tỷ suất di cư thuần,-1.80,-5.00,-4.10,0.80,-1.70,-1.90,-2.80,-5.90,-3.90,-2.00,-1.10,-0.70,-1.80,-1.40,-2.81,-3.07,-4.09,-0.44,-1.92
Quảng Trị,Tỷ suất nhập cư,2.30,2.40,2.60,2.40,5.60,4.90,3.60,5.30,6.20,4.70,2.50,2.60,2.40,2.30,4.39,3.48,4.65,2.09,5.38
Quảng Trị,Tỷ suất xuất cư,5.60,11.50,3.60,10.20,11.40,10.00,8.40,10.20,10.90,7.40,9.20,2.40,4.90,9.50,10.59,6.65,7.65,6.31,4.66
Quảng Trị,Tỷ suất di cư thuần,-3.30,-9.10,-1.00,-7.80,-5.80,-5.10,-4.80,-4.90,-4.70,-2.60,-6.70,0.20,-2.60,-7.30,-6.20,-3.17,-3.00,-4.22,0.72
Sóc Trăng,Tỷ suất nhập cư,2.50,1.60,4.00,1.90,2.80,3.10,2.00,3.20,3.40,1.00,1.20,0.70,0.50,1.20,1.02,0.93,0.72,2.52,2.23
Sóc Trăng,Tỷ suất xuất cư,4.30,8.40,4.20,11.40,12.70,14.80,10.20,9.50,12.00,6.20,6.60,8.30,15.00,16.20,20.32,21.80,15.27,13.31,16.73
Sóc Trăng,Tỷ suất di cư thuần,-1.80,-6.80,-0.20,-9.50,-9.90,-11.70,-8.20,-6.30,-8.60,-5.20,-5.40,-7.70,-14.50,-15.00,-19.30,-20.90,-14.54,-10.79,-14.50
Sơn La,Tỷ suất nhập cư,1.40,2.30,0.80,2.80,2.00,2.70,1.30,2.60,2.00,0.60,0.60,0.40,0.50,0.70,0.24,0.27,0.55,0.25,1.49
Sơn La,Tỷ suất xuất cư,1.70,2.10,2.40,2.30,2.40,1.80,3.40,2.60,3.00,1.90,2.00,1.30,6.00,3.90,7.09,5.08,4.67,4.28,7.32
Sơn La,Tỷ suất di cư thuần,-0.30,0.20,-1.60,0.50,-0.40,0.80,-2.10,0.00,-1.00,-1.30,-1.30,-0.90,-5.50,-3.20,-6.85,-4.81,-4.12,-4.03,-5.82
Thanh Hóa,Tỷ suất nhập cư,2.30,4.90,5.30,1.30,6.80,9.80,5.10,13.30,5.70,3.50,3.20,3.10,1.90,1.10,1.25,0.69,2.08,1.04,3.27
Thanh Hóa,Tỷ suất xuất cư,6.10,8.80,7.60,14.90,13.00,14.50,10.30,11.00,10.10,7.20,3.90,4.80,4.20,8.50,10.14,7.85,6.76,5.62,6.78
Thanh Hóa,Tỷ suất di cư thuần,-3.70,-3.80,-2.30,-13.60,-6.20,-4.60,-5.20,2.30,-4.40,-3.70,-0.70,-1.70,-2.30,-7.50,-8.89,-7.16,-4.68,-4.58,-3.51
Thái Bình,Tỷ suất nhập cư,5.80,9.70,4.80,1.60,2.70,2.30,1.20,2.20,4.70,0.50,1.60,1.10,1.00,1.70,0.66,0.71,0.96,0.52,3.53
Thái Bình,Tỷ suất xuất cư,6.70,14.20,5.90,13.00,11.10,9.40,9.10,8.60,8.60,4.70,2.90,2.50,3.90,7.10,5.05,6.22,3.29,4.58,6.42
Thái Bình,Tỷ suất di cư thuần,-0.90,-4.50,-1.10,-11.40,-8.40,-7.10,-7.90,-6.50,-3.90,-4.20,-1.30,-1.30,-2.90,-5.40,-4.39,-5.51,-2.33,-4.07,-2.89
Thái Nguyên,Tỷ suất nhập cư,5.90,6.10,4.30,6.00,11.50,7.70,4.70,4.10,6.50,3.50,2.90,2.80,3.00,6.90,1.01,1.74,0.78,1.30,3.75
Thái Nguyên,Tỷ suất xuất cư,5.80,5.60,5.40,7.90,6.90,9.70,7.20,8.50,7.80,4.90,3.70,3.10,2.90,4.90,5.59,4.47,3.21,3.49,4.01
Thái Nguyên,Tỷ suất di cư thuần,0.10,0.40,-1.10,-1.90,4.60,-2.00,-2.50,-4.40,-1.30,-1.40,-0.70,-0.30,0.10,2.00,-4.58,-2.73,-2.43,-2.19,-0.26
Tiền Giang,Tỷ suất nhập cư,5.20,5.10,6.50,3.10,9.00,8.50,8.10,9.80,7.60,4.30,5.30,3.70,4.40,2.70,4.12,3.71,3.54,2.48,3.63
Tiền Giang,Tỷ suất xuất cư,5.30,8.90,7.20,11.70,9.20,9.50,9.40,6.50,7.30,5.30,3.20,3.50,5.10,7.70,7.55,8.73,3.61,4.74,9.33
Tiền Giang,Tỷ suất di cư thuần,-0.10,-3.90,-0.70,-8.60,-0.20,-1.00,-1.30,3.30,0.30,-1.00,2.10,0.30,-0.80,-5.00,-3.42,-5.02,-0.07,-2.27,-5.71
TP. Hồ Chí Minh,Tỷ suất nhập cư,19.10,30.80,21.20,31.30,26.20,25.00,14.80,16.50,16.90,10.40,10.70,8.50,9.30,18.30,21.91,25.40,10.89,10.63,15.09
TP. Hồ Chí Minh,Tỷ suất xuất cư,5.00,8.60,6.60,4.20,7.80,13.50,7.20,10.30,11.40,5.70,4.10,3.20,3.20,3.10,3.94,3.59,3.67,3.80,6.00
TP. Hồ Chí Minh,Tỷ suất di cư thuần,14.00,22.20,14.60,27.10,18.40,11.50,7.60,6.20,5.50,4.60,6.60,5.30,6.10,15.20,17.97,21.80,7.23,6.83,9.09
Trà Vinh,Tỷ suất nhập cư,2.00,3.70,7.10,2.30,5.00,11.40,4.00,9.50,7.40,2.80,1.40,2.00,1.20,1.70,0.78,1.64,1.08,1.40,2.86
Trà Vinh,Tỷ suất xuất cư,2.70,8.00,2.70,14.50,9.10,12.70,8.70,7.30,12.40,5.50,3.90,3.10,12.40,10.60,22.27,12.85,10.23,11.51,12.81
Trà Vinh,Tỷ suất di cư thuần,-0.70,-4.30,4.40,-12.10,-4.10,-1.30,-4.70,2.20,-5.00,-2.70,-2.50,-1.10,-11.20,-8.90,-21.49,-11.21,-9.15,-10.11,-9.95
Tuyên Quang,Tỷ suất nhập cư,2.80,2.60,3.90,2.40,2.80,3.70,2.10,3.30,3.90,1.40,1.40,1.20,1.50,1.60,1.44,3.29,0.70,0.31,3.75
Tuyên Quang,Tỷ suất xuất cư,3.40,6.00,4.40,8.20,4.70,13.50,3.50,5.10,6.40,3.80,3.30,2.50,4.60,9.30,12.08,12.20,7.65,8.28,7.49
Tuyên Quang,Tỷ suất di cư thuần,-0.60,-3.30,-0.50,-5.90,-1.90,-9.80,-1.40,-1.80,-2.40,-2.40,-1.90,-1.30,-3.10,-7.60,-10.64,-8.92,-6.95,-7.97,-3.74
Tây Ninh,Tỷ suất nhập cư,2.60,3.30,1.50,3.50,3.30,5.80,3.90,3.60,5.70,1.80,3.00,0.60,1.10,2.90,5.98,7.35,5.67,4.05,2.68
Tây Ninh,Tỷ suất xuất cư,6.80,8.20,6.80,7.40,7.20,7.50,3.90,6.30,6.50,4.20,3.80,1.50,1.90,4.50,6.53,3.63,1.72,2.46,3.23
Tây Ninh,Tỷ suất di cư thuần,-4.20,-5.00,-5.30,-3.90,-3.90,-1.70,0.00,-2.70,-0.80,-2.40,-0.70,-0.80,-0.80,-1.50,-0.55,3.73,3.95,1.59,-0.55
Vĩnh Long,Tỷ suất nhập cư,2.40,2.60,1.90,4.50,4.20,7.60,8.00,9.90,5.60,2.50,4.30,3.90,3.20,3.30,4.66,3.10,4.84,3.34,5.06
Vĩnh Long,Tỷ suất xuất cư,4.50,7.70,5.80,14.90,17.60,11.50,9.30,7.20,10.60,7.70,3.50,7.80,4.00,10.90,11.99,10.28,6.29,7.82,6.87
Vĩnh Long,Tỷ suất di cư thuần,-2.10,-5.20,-3.90,-10.40,-13.40,-3.90,-1.30,2.70,-4.90,-5.20,0.80,-3.90,-0.80,-7.70,-7.33,-7.18,-1.46,-4.49,-1.80
Vĩnh Phúc,Tỷ suất nhập cư,2.50,2.40,3.80,4.50,4.80,4.30,2.90,6.40,4.90,2.80,2.40,1.70,2.00,2.50,2.16,2.31,1.45,2.53,4.91
Vĩnh Phúc,Tỷ suất xuất cư,3.80,6.30,7.20,10.20,7.20,16.00,4.00,6.80,4.50,4.30,2.40,1.40,1.20,4.80,2.80,2.14,1.88,3.51,3.97
Vĩnh Phúc,Tỷ suất di cư thuần,-1.30,-3.90,-3.40,-5.70,-2.40,-11.70,-1.10,-0.50,0.40,-1.40,0.00,0.30,0.80,-2.30,-0.64,0.17,-0.43,-0.98,0.95
Yên Bái,Tỷ suất nhập cư,2.30,3.80,3.60,2.10,3.40,4.40,1.80,4.00,4.40,2.20,1.40,1.30,2.10,1.60,2.17,1.54,1.60,1.45,2.10
Yên Bái,Tỷ suất xuất cư,3.80,3.20,2.60,6.30,4.10,7.40,4.60,7.40,5.70,3.30,3.30,2.70,3.60,6.10,7.33,8.08,8.17,6.39,4.52
Yên Bái,Tỷ suất di cư thuần,-1.60,0.60,1.00,-4.10,-0.70,-3.00,-2.80,-3.50,-1.40,-1.10,-1.90,-1.40,-1.50,-4.50,-5.16,-6.54,-6.57,-4.93,-2.42
Điện Biên,Tỷ suất nhập cư,2.60,5.30,2.90,3.20,3.60,3.90,3.40,4.70,4.40,2.00,1.10,1.30,0.80,1.10,0.31,0.69,0.27,0.59,2.15
Điện Biên,Tỷ suất xuất cư,0.90,3.70,3.70,3.90,1.30,2.10,3.60,4.50,2.70,1.40,1.70,3.20,1.40,3.60,4.10,7.36,3.65,4.33,5.12
Điện Biên,Tỷ suất di cư thuần,1.70,1.50,-0.80,-0.60,2.30,1.80,-0.20,0.20,1.70,0.60,-0.60,-1.90,-0.50,-2.50,-3.79,-6.66,-3.37,-3.74,-2.97
Đà Nẵng,Tỷ suất nhập cư,8.60,13.60,12.00,20.10,29.80,22.80,17.50,15.50,14.00,11.60,12.30,7.00,6.60,16.70,13.70,18.93,10.41,15.78,18.96
Đà Nẵng,Tỷ suất xuất cư,4.70,6.00,5.50,4.80,3.40,7.90,6.30,9.70,13.80,6.70,5.80,2.70,1.90,3.00,2.67,5.41,4.62,2.47,7.32
Đà Nẵng,Tỷ suất di cư thuần,3.80,7.60,6.50,15.30,26.40,14.90,11.20,5.80,0.20,4.90,6.50,4.30,4.70,13.70,11.03,13.51,5.80,13.31,11.64
Đắk Lắk,Tỷ suất nhập cư,4.30,6.10,3.70,6.10,6.90,7.70,8.40,9.70,3.70,2.50,2.70,2.30,1.20,2.00,0.86,1.18,1.75,1.52,3.86
Đắk Lắk,Tỷ suất xuất cư,7.50,9.70,7.10,8.30,8.80,12.30,7.80,8.50,6.10,4.50,4.90,3.00,4.00,6.20,10.50,6.89,7.65,4.34,5.31
Đắk Lắk,Tỷ suất di cư thuần,-3.20,-3.60,-3.40,-2.20,-1.90,-4.60,0.60,1.20,-2.40,-2.00,-2.20,-0.60,-2.80,-4.20,-9.64,-5.70,-5.90,-2.83,-1.45
Đắk Nông,Tỷ suất nhập cư,11.40,9.40,8.90,18.90,7.30,5.70,42.30,18.40,42.70,3.80,1.50,2.10,2.60,6.50,3.11,4.61,1.69,1.07,4.20
Đắk Nông,Tỷ suất xuất cư,1.50,4.50,3.00,5.70,3.20,10.70,6.10,6.70,7.10,4.90,6.20,4.40,5.30,5.60,10.66,8.12,4.23,6.86,8.17
Đắk Nông,Tỷ suất di cư thuần,9.90,4.90,5.90,13.20,4.10,-5.00,36.20,11.70,35.60,-1.10,-4.80,-2.30,-2.80,0.90,-7.55,-3.51,-2.54,-5.79,-3.96
Đồng Nai,Tỷ suất nhập cư,3.00,11.20,12.30,20.80,27.20,31.40,18.50,14.60,23.60,20.40,16.50,4.50,6.80,13.30,12.21,9.50,7.75,5.41,6.65
Đồng Nai,Tỷ suất xuất cư,6.00,10.60,9.70,7.60,10.80,9.30,6.00,7.90,11.70,6.20,5.30,3.90,1.80,4.60,3.98,8.80,3.15,2.91,5.26
Đồng Nai,Tỷ suất di cư thuần,-3.10,0.60,2.50,13.20,16.40,22.10,12.50,6.70,11.90,14.10,11.20,0.60,5.00,8.70,8.23,0.60,4.60,2.50,1.38
Đồng Tháp,Tỷ suất nhập cư,2.30,2.30,2.00,2.50,4.10,5.80,2.50,3.80,3.20,1.80,1.20,0.70,2.50,1.60,2.43,1.79,1.29,3.33,3.87
Đồng Tháp,Tỷ suất xuất cư,5.70,8.60,5.10,11.50,10.70,11.10,8.80,9.50,9.60,9.10,7.60,7.00,6.20,12.80,10.10,25.48,8.50,7.37,7.45
Đồng Tháp,Tỷ suất di cư thuần,-3.40,-6.30,-3.10,-9.10,-6.60,-5.40,-6.30,-5.70,-6.40,-7.30,-6.40,-6.30,-3.70,-11.20,-7.67,-23.69,-7.21,-4.05,-3.58